<?xml version="1.0"?>
<doc>
    <assembly>
        <name>Max.Domain.Mapping.Entity</name>
    </assembly>
    <members>
        <member name="T:Max.Domain.Mapping.Entity.EntityModelObjectSource">
            <summary>
            An IObjectSource implementation that uses an ADO.NET Entity Data Model generated ObjectContext.
            </summary>
        </member>
        <member name="M:Max.Domain.Mapping.Entity.EntityModelObjectSource.#ctor(System.Data.Objects.ObjectContext)">
            <summary>
            Constructs the ObjectSource for the given ObjectContext.
            </summary>
            <param name="objectContext">The EF ObjectContext to use as backend of this store.</param>
        </member>
        <member name="M:Max.Domain.Mapping.Entity.EntityModelObjectSource.IsEntity(System.Object)">
            <summary>
             Whether the given storeObject is a real stored object.
            </summary>
        </member>
        <member name="M:Max.Domain.Mapping.Entity.EntityModelObjectSource.GetEntitySetName(System.Data.Objects.ObjectContext,System.Type)">
            <summary>
            Returns the EntitySetName for the given entity type.
            </summary>
        </member>
    </members>
</doc>
