<?xml version="1.0"?>
<doc>
    <assembly>
        <name>Max.Domain.Mapping</name>
    </assembly>
    <members>
        <member name="T:Max.Domain.Mapping.CollectionMap">
            <summary>
            Helper class to map collections.
            Use it's static Build() method to build a new generic CollectionMap instance.
            </summary>
        </member>
        <member name="M:Max.Domain.Mapping.CollectionMap.Build``2(System.Collections.Generic.IEnumerable{``0},System.Collections.Generic.IEnumerable{``1},System.Predicate{System.Collections.Generic.KeyValuePair{``0,``1}})">
            <summary>
            Builds a new generic CollectionMap instance allowing infering of the
            source and target item types.
            </summary>
            <typeparam name="TSourceItem">Type of source collection members.</typeparam>
            <typeparam name="TTargetItem">Type of target collection members.</typeparam>
            <param name="sourceCollection">The source collection.</param>
            <param name="targetCollection">The target collection.</param>
            <param name="comparisonPredicate">The expression to match items from both collections.</param>
            <returns>A generic CollectionMap instance.</returns>
        </member>
        <member name="T:Max.Domain.Mapping.CollectionMap`2">
            <summary>
            Helper class to map collections.
            </summary>
            <typeparam name="TSourceItem">Type of source collection members.</typeparam>
            <typeparam name="TTargetItem">Type of target collection members.</typeparam>
        </member>
        <member name="M:Max.Domain.Mapping.CollectionMap`2.#ctor(System.Collections.Generic.IEnumerable{`0},System.Collections.Generic.IEnumerable{`1},System.Predicate{System.Collections.Generic.KeyValuePair{`0,`1}})">
            <summary>
            Constructs a new CollectionMap.
            </summary>
            <param name="sourceCollection">The source collection.</param>
            <param name="targetCollection">The target collection.</param>
            <param name="comparisonPredicate">The expression to match items from both collections.</param>
        </member>
        <member name="P:Max.Domain.Mapping.CollectionMap`2.SourcesToAdd">
            <summary>
            Items to be added on the target collection to match the source collection.
            </summary>
        </member>
        <member name="P:Max.Domain.Mapping.CollectionMap`2.TargetsToRemove">
            <summary>
            Items to be removed from the target collection to match the source collection.
            </summary>
        </member>
        <member name="P:Max.Domain.Mapping.CollectionMap`2.SourcesToKeep">
            <summary>
            Source collection items that remain in the target collection.
            </summary>
        </member>
        <member name="P:Max.Domain.Mapping.CollectionMap`2.TargetsToKeep">
            <summary>
            Target collection items that exist in the source collection.
            </summary>
        </member>
        <member name="M:Max.Domain.Mapping.CollectionMap`2.TargetFor(`0)">
            <summary>
            The target collection item for a given source collection item.
            </summary>
        </member>
        <member name="T:Max.Domain.Mapping.Implementation.HelperExtensions">
            <summary>
            Extension methods that can be used in (generated) mapper code.
            </summary>
        </member>
        <member name="T:Max.Domain.Mapping.IObjectSource">
            <summary>
            An abstraction of an object store where stored objects live.
            </summary>
        </member>
        <member name="M:Max.Domain.Mapping.IObjectSource.CreateObject``1(System.Object)">
            <summary>
            Creates and returns an instance of the TStoredObject type of stored object to match the given source object.
            </summary>
        </member>
        <member name="M:Max.Domain.Mapping.IObjectSource.GetObjectType(System.Type)">
            <summary>
            Returns the store object type of the given object type.
            </summary>
        </member>
        <member name="M:Max.Domain.Mapping.IObjectSource.RegisterAsNewObject(System.Object)">
            <summary>
            Request registration of a newly created object with its store.
            </summary>
            <param name="storeObject">A newly created (entity) store object.</param>
        </member>
        <member name="M:Max.Domain.Mapping.IObjectSource.RegisterAsDeletedObject(System.Object)">
            <summary>
            Request registration of the deletion of an object from its store.
            </summary>
            <param name="storeObject">The (entity) store object to be deleted.</param>
        </member>
        <member name="M:Max.Domain.Mapping.IObjectSource.TryGetStoreObject``1(System.Object)">
            <summary>
            Request to retrieve the (entity) store object that matches the given (contract) source object.
            </summary>
            <typeparam name="TStoreObject">Type of store object expected.</typeparam>
            <param name="sourceObject">The mapped (contract) source object to find the store object for.</param>
            <returns>The store object if found, otherwise null.</returns>
        </member>
        <member name="M:Max.Domain.Mapping.IObjectSource.IsMatch(System.Object,System.Object)">
            <summary>
            Whether both objects match, cq. represent the same entity.
            </summary>
            <param name="sourceObject">A mapped (contract) source object.</param>
            <param name="storeObject">An (entity) store object.</param>
            <returns>True if both objects represent the same entity, false otherwise.</returns>
        </member>
        <member name="M:Max.Domain.Mapping.IObjectSource.OnUpdateSystemObject(System.Object,System.Object)">
            <summary>
            Invoked whenever an object is mapped.
            </summary>
            <param name="sourceObject">The mapped (contract) source object.</param>
            <param name="storeObject">The mapped (entity) store object.</param>
        </member>
        <member name="T:Max.Domain.Mapping.Mapper">
            <summary>
            Mapper to map to contract types.
            </summary>
        </member>
        <member name="M:Max.Domain.Mapping.Mapper.RegisterMapping(System.Object,System.Object)">
            <summary>
            Registers a resolved source/target pair.
            </summary>
        </member>
        <member name="M:Max.Domain.Mapping.Mapper.GetMappedTarget(System.Object)">
            <summary>
            Gets the pre-registered target for a given source.
            Returns null if no target was yet registered for the given source.
            </summary>
        </member>
        <member name="M:Max.Domain.Mapping.Mapper.GetMappedTarget``1(System.Object)">
            <summary>
            Gets the pre-registered target of type TTarget for a given source.
            Returns null if no target of that type was yet registered for the given source.
            </summary>
        </member>
        <member name="M:Max.Domain.Mapping.Mapper.UpdateSystemObject(System.Object,System.Object)">
            <summary>
            Base type mapper method.
            </summary>
        </member>
        <member name="T:Max.Domain.Mapping.MappingException">
            <summary>
            An exception in mapping objects.
            </summary>
        </member>
        <member name="T:Max.Domain.Mapping.ReverseMapper">
            <summary>
            Mapper to map back from contract types.
            </summary>
        </member>
        <member name="M:Max.Domain.Mapping.ReverseMapper.#ctor(Max.Domain.Mapping.IObjectSource)">
            <summary>
            Creates a new ReverseMapper session.
            </summary>
        </member>
        <member name="P:Max.Domain.Mapping.ReverseMapper.IsAsNewVersion">
            <summary>
            Whether the object graph must be forced to create new objects even for existing ones
            (provided the types are creatable).
            </summary>
        </member>
        <member name="M:Max.Domain.Mapping.ReverseMapper.AllowCreatingAndUpdating``1">
            <summary>
            Allow creating and updating instances of the given type in the current mapper session.
            </summary>
            <typeparam name="TTypeToSynchronize">The target (Entity) type to allow synchronization for.</typeparam>
        </member>
        <member name="M:Max.Domain.Mapping.ReverseMapper.AllowCreating``1">
            <summary>
            Allow creating instances of the given type in the current mapper session.
            </summary>
            <typeparam name="TTypeToSynchronize">The target (Entity) type to allow synchronization for.</typeparam>
        </member>
        <member name="M:Max.Domain.Mapping.ReverseMapper.AllowUpdating``1">
            <summary>
            Allow updating instances of the given type in the current mapper session.
            </summary>
            <typeparam name="TTypeToSynchronize">The target (Entity) type to allow synchronization for.</typeparam>
        </member>
        <member name="M:Max.Domain.Mapping.ReverseMapper.AsNewVersion(System.Boolean)">
            <summary>
            Whether the mapper creates new versions automatically
            for all creatable entities.
            </summary>
        </member>
        <member name="M:Max.Domain.Mapping.ReverseMapper.IsMatch(System.Object,System.Object)">
            <summary>
            Whether the given source object matches the given target object, cq. whether they represent the same entity.
            </summary>
        </member>
        <member name="M:Max.Domain.Mapping.ReverseMapper.CanUpdate(System.Object)">
            <summary>
            Whether the current mapping session allows updating objects of the given type (to be implemented in basetype mapping).
            </summary>
        </member>
        <member name="M:Max.Domain.Mapping.ReverseMapper.CanCreate(System.Type)">
            <summary>
            Whether the current mapping session allows creating objects of the given type.
            </summary>
        </member>
        <member name="M:Max.Domain.Mapping.ReverseMapper.TryGetTarget``1(System.Object)">
            <summary>
            Tries to get the (unmapped) target instance matching the given source instance.
            Returns the instance if found, null if not found. Is allowed to return a new,
            blank instance.
            </summary>
            <typeparam name="TStoreObject">The type of target object expected.</typeparam>
            <param name="source">The source object to search the target for.</param>
        </member>
        <member name="M:Max.Domain.Mapping.ReverseMapper.RegisterMapping(System.Object,System.Object)">
            <summary>
            Registers a resolved source/target pair.
            </summary>
        </member>
        <member name="M:Max.Domain.Mapping.ReverseMapper.GetMappedTarget(System.Object)">
            <summary>
            Gets the pre-registered target for a given source.
            Returns null if no target was yet registered for the given source.
            </summary>
        </member>
        <member name="M:Max.Domain.Mapping.ReverseMapper.UpdateSystemObject(System.Object,System.Object)">
            <summary>
            Base type mapper method.
            </summary>
        </member>
    </members>
</doc>
